<?xml version="1.0" encoding="UTF-8"?>
<actions>
	<action>
		<actionName>run</actionName>
		<goals>
			<goal>process-classes</goal>
			<goal>org.codehaus.mojo:exec-maven-plugin:1.2:exec</goal>
		</goals>
		<properties>
			<exec.args>-classpath %classpath org.zlogic.att.ui.Launcher</exec.args>
			<exec.executable>java</exec.executable>
			<exec.classpathScope>runtime</exec.classpathScope>
			<exec.workingdir>..\..\Test homedir</exec.workingdir>
		</properties>
	</action>
	<action>
		<actionName>debug</actionName>
		<goals>
			<goal>process-classes</goal>
			<goal>org.codehaus.mojo:exec-maven-plugin:1.2:exec</goal>
		</goals>
		<properties>
			<exec.args>-Xdebug -Xrunjdwp:transport=dt_socket,server=n,address=${jpda.address} -classpath %classpath org.zlogic.att.ui.Launcher</exec.args>
			<exec.executable>java</exec.executable>
			<exec.classpathScope>runtime</exec.classpathScope>
			<jpda.listen>true</jpda.listen>
			<exec.workingdir>..\..\Test homedir</exec.workingdir>
		</properties>
	</action>
	<action>
		<actionName>profile</actionName>
		<goals>
			<goal>process-classes</goal>
			<goal>org.codehaus.mojo:exec-maven-plugin:1.2:exec</goal>
		</goals>
		<properties>
			<exec.args>-classpath %classpath org.zlogic.att.ui.Launcher</exec.args>
			<exec.executable>${profiler.java}</exec.executable>
			<exec.workingdir>..\..\Test homedir</exec.workingdir>
		</properties>
	</action>
</actions>
